date,time,currency,event,impact
2025-11-01,01:00,USD,FOMC委員ボスティック氏講演,★
2025-11-01,01:00,USD,FOMC委員ハマンク氏講演,★
2025-11-02,16:00,USD,夏時間への移行,★
2025-11-03,00:00,JPY,銀行休業日,★
2025-11-03,23:45,USD,製造業PMI（確報値）,★
2025-11-04,00:00,USD,ISM製造業PMI,★★★
2025-11-04,00:00,USD,ISM製造業価格指数,★★
2025-11-04,00:00,USD,FOMC委員グールズビー氏講演,★
2025-11-04,00:00,USD,ワーズ自動車販売台数（総計）,★
2025-11-04,02:00,USD,FOMC委員デイリー氏講演,★
2025-11-04,04:00,USD,FOMC委員クック氏講演,★
2025-11-04,04:00,USD,上級貸出担当者意見調査,★
2025-11-04,09:30,JPY,製造業PMI（確報値）,★
2025-11-04,20:35,USD,FOMC委員ボーマン氏講演,★
2025-11-05,00:01,USD,RCM/TIPP経済楽観度指数,★
2025-11-05,06:30,USD,API週間統計報告,★
2025-11-05,08:50,JPY,マネタリーベース（前年比）,★
2025-11-05,08:50,JPY,金融政策決定会合議事要旨,★
2025-11-05,12:35,JPY,10年債入札,★
2025-11-05,22:15,USD,ADP非農業部門雇用者数変化,★★★
2025-11-05,23:45,USD,サービス部門PMI（確報値）,★
2025-11-06,00:00,USD,ISM非製造業PMI,★★★
2025-11-06,00:30,USD,原油在庫,★
2025-11-06,03:00,USD,トランプ大統領講演,★★
2025-11-06,08:30,JPY,FOMC委員バー氏講演,★
2025-11-06,17:57,USD,FOMC委員ウィリアムズ氏講演,★
2025-11-07,00:30,USD,FOMC委員ハマンク氏講演,★
2025-11-07,01:00,USD,FOMC委員ウォラー氏講演,★★
2025-11-07,01:00,USD,FOMC委員ポールソン氏講演,★
2025-11-07,01:00,USD,FOMC委員ムサレム氏講演,★
2025-11-07,02:00,USD,家計支出（前年比）,★
2025-11-07,05:30,USD,FOMC委員ウィリアムズ氏講演,★★
2025-11-07,06:30,USD,FOMC委員ジェファーソン氏講演,★
2025-11-07,07:30,USD,ミシガン大学消費者信頼感指数（速報値）,★
2025-11-07,08:30,JPY,ミシガン大学インフレ期待（速報値）,★
2025-11-07,17:00,USD,消費者信用残高（前月比）,★
2025-11-07,21:00,USD,FOMC委員ミラン氏講演,★
2025-11-08,00:00,USD,FOMC金融安定報告書,★★
2025-11-08,00:00,USD,日銀金融政策決定会合における主な意見,★★
2025-11-08,05:00,USD,景気先行指数,★
2025-11-08,05:00,USD,FOMC委員デイリー氏講演,★
2025-11-08,06:01,USD,クリーブランド連銀インフレ期待,★
2025-11-10,08:50,JPY,FOMC委員ムサレム氏講演,★
2025-11-10,14:00,JPY,平均現金給与（前年比）,★
2025-11-10,22:30,USD,チャレンジャー社解雇予定者数（前年比）,★
2025-11-10,23:45,USD,天然ガス貯蔵量,★
2025-11-10,23:45,USD,トランプ大統領講演,★
2025-11-11,08:50,JPY,FOMC委員バー氏講演,★
2025-11-11,08:50,JPY,銀行貸出（前年比）,★
2025-11-11,12:35,JPY,経常収支,★
2025-11-11,14:00,JPY,30年債入札,★
2025-11-11,20:00,USD,景気ウォッチャー調査,★
2025-11-11,00:00,USD,NFIB中小企業景況感指数,★
2025-11-12,08:50,JPY,銀行休業日,★
2025-11-12,12:25,USD,M2マネーストック（前年比）,★
2025-11-12,14:58,JPY,FOMC委員バー氏講演,★
2025-11-12,23:20,USD,機械受注（速報値、前年比）,★
2025-11-13,00:00,USD,FOMC委員ウィリアムズ氏講演,★
2025-11-13,00:20,USD,FOMC委員ポールソン氏講演,★
2025-11-13,02:15,USD,FOMC委員ウォラー氏講演,★
2025-11-13,02:30,USD,FOMC委員ボスティック氏講演,★
2025-11-13,03:01,USD,FOMC委員ミラン氏講演,★
2025-11-13,06:00,USD,10年債入札,★
2025-11-13,06:30,USD,FOMC委員コリンズ氏講演,★
2025-11-13,08:50,JPY,API週間統計報告,★
2025-11-13,22:00,USD,生産者物価指数（前年比）,★
2025-11-13,00:00,USD,FOMC委員デイリー氏講演,★★★
2025-11-13,00:00,USD,CPIコア（前月比）,★★★
2025-11-13,00:00,USD,CPI（前月比）,★★★
2025-11-13,00:00,USD,CPI（前年比）,★★★
2025-11-14,00:00,USD,新規失業保険申請件数,★
2025-11-14,00:30,USD,住宅ローン延滞率,★
2025-11-14,02:00,USD,FOMC委員カシュカリ氏講演,★
2025-11-14,02:15,USD,原油在庫,★
2025-11-14,02:20,USD,FOMC委員ムサレム氏講演,★
2025-11-14,03:01,USD,FOMC委員ハマンク氏講演,★
2025-11-14,04:00,USD,30年債入札,★
2025-11-14,13:30,JPY,連邦財政収支,★
2025-11-14,00:00,USD,第三次産業活動指数（前月比）,★★★
2025-11-14,00:00,USD,PPIコア（前月比）,★★★
2025-11-14,00:00,USD,小売売上高コア（前月比）,★★★
2025-11-14,00:00,USD,PPI（前月比）,★★★
2025-11-15,00:00,USD,小売売上高（前月比）,★
2025-11-15,00:05,USD,企業在庫（前月比）,★
2025-11-15,00:30,USD,FOMC委員シュミッド氏講演,★
2025-11-15,04:30,USD,天然ガス貯蔵量,★
2025-11-15,05:20,USD,FOMC委員ローガン氏講演,★
2025-11-17,08:50,JPY,FOMC委員ボスティック氏講演,★
2025-11-17,08:50,JPY,GDPデフレーター（速報値、前年比）,★
2025-11-17,13:30,JPY,GDP（速報値、前期比）,★
2025-11-17,22:30,USD,鉱工業生産（改定値、前月比）,★★
2025-11-18,00:00,USD,ニューヨーク連銀製造業景気指数,★
2025-11-18,00:00,USD,輸入物価指数（前月比）,★
2025-11-18,00:00,USD,設備稼働率,★
2025-11-19,00:00,USD,鉱工業生産（前月比）,★
2025-11-19,06:00,USD,NAHB住宅市場指数,★
2025-11-19,06:30,USD,対米証券投資（長期）,★
2025-11-19,08:50,JPY,API週間統計報告,★
2025-11-19,08:50,JPY,機械受注コア（前月比）,★
2025-11-19,00:00,USD,貿易収支,★
2025-11-19,00:00,USD,建設許可件数,★
2025-11-20,00:30,USD,住宅着工件数,★
2025-11-20,04:00,USD,原油在庫,★★★
2025-11-20,22:30,USD,FOMC議事要旨,★★
2025-11-20,00:00,USD,フィラデルフィア連銀製造業景気指数,★★★
2025-11-21,00:00,USD,新規失業保険申請件数,★★
2025-11-21,00:00,USD,中古住宅販売件数,★
2025-11-21,00:30,USD,コンファレンスボード景気先行指数（前月比）,★
2025-11-21,08:30,JPY,天然ガス貯蔵量,★
2025-11-21,09:30,JPY,全国消費者物価指数コア（前年比）,★
2025-11-21,23:45,USD,製造業PMI（速報値）,★★★
2025-11-21,23:45,USD,製造業PMI（速報値）,★★★
2025-11-22,00:00,USD,サービス部門PMI（速報値）,★★
2025-11-22,00:00,USD,ミシガン大学消費者信頼感指数（改定値）,★
2025-11-22,00:00,USD,ミシガン大学インフレ期待（改定値）,★★
2025-11-24,00:00,JPY,米財務省為替報告書,★
2025-11-25,14:00,JPY,銀行休業日,★
2025-11-25,23:00,USD,日銀コアCPI（前年比）,★
2025-11-25,23:00,USD,住宅価格指数（前月比）,★
2025-11-26,00:00,USD,S&P/CS住宅価格指数（20都市、前年比）,★★
2025-11-26,00:00,USD,コンファレンスボード消費者信頼感指数,★★
2025-11-26,00:00,USD,住宅販売保留件数（前月比）,★★
2025-11-26,06:30,USD,リッチモンド連銀製造業景気指数,★
2025-11-26,08:50,JPY,API週間統計報告,★
2025-11-26,22:30,USD,サービス生産者物価指数（前年比）,★★★
2025-11-26,22:30,USD,GDP（速報値、前期比）,★★★
2025-11-26,22:30,USD,新規失業保険申請件数,★★
2025-11-26,22:30,USD,耐久財受注コア（前月比）,★★
2025-11-26,22:30,USD,耐久財受注（前月比）,★★
2025-11-26,22:30,USD,GDPデフレーター（速報値、前期比）,★
2025-11-26,22:30,USD,財貿易収支,★
2025-11-26,23:45,USD,卸売在庫（速報値、前月比）,★
2025-11-27,00:00,USD,シカゴPMI,★★★
2025-11-27,00:00,USD,PCEコアデフレーター（前月比）,★★
2025-11-27,00:00,USD,新築住宅販売件数,★
2025-11-27,00:00,USD,個人所得（前月比）,★
2025-11-27,00:30,USD,個人支出（前月比）,★
2025-11-27,02:00,USD,原油在庫,★
2025-11-27,04:00,USD,天然ガス貯蔵量,★
2025-11-27,00:00,USD,ベージュブック,★
2025-11-28,08:30,JPY,銀行休業日,★★
2025-11-28,08:30,JPY,東京都区部コアCPI（前年比）,★
2025-11-28,08:50,JPY,失業率,★
2025-11-28,08:50,JPY,鉱工業生産（速報値、前月比）,★
2025-11-28,14:00,JPY,小売売上高（前年比）,★
2025-12-01,08:50,JPY,設備投資（前年比）,★
2025-12-01,09:30,JPY,製造業PMI（確報）,★
2025-12-01,10:05,JPY,日銀総裁 植田氏 発言,★★★
2025-12-01,23:45,USD,製造業PMI（確報）,★
2025-12-02,00:00,USD,ISM製造業PMI,★★★
2025-12-02,00:00,USD,ISM製造業仕入れ価格指数,★★
2025-12-02,08:50,JPY,マネタリーベース（前年比）,★
2025-12-02,10:00,USD,FRB議長 パウエル氏 発言,★★
2025-12-02,12:35,JPY,10年債入札,★
2025-12-02,14:00,JPY,消費者信頼感指数,★
2025-12-03,00:00,USD,FOMCメンバー ボウマン氏 発言,★
2025-12-03,00:00,USD,RCM/TIPP 経済楽観指数,★
2025-12-03,00:00,USD,Wards 米自動車販売台数（総計）,★
2025-12-03,04:00,USD,トランプ大統領 発言,★★
2025-12-03,06:30,USD,API 週間統計報告,★
2025-12-03,22:15,USD,ADP 民間雇用者数変化（非農業部門）,★★★
2025-12-03,22:30,USD,輸入物価（前月比）,★
2025-12-03,23:15,USD,設備稼働率,★
2025-12-03,23:15,USD,鉱工業生産（前月比）,★
2025-12-03,23:45,USD,サービス業PMI（確報）,★
2025-12-04,00:00,USD,ISM非製造業PMI,★★★
2025-12-04,01:08,USD,原油在庫,★
2025-12-04,04:30,USD,トランプ大統領 発言,★★
2025-12-04,12:35,JPY,30年債入札,★
2025-12-04,21:30,USD,チャレンジャー人員削減数（前年比）,★★
2025-12-04,22:30,USD,新規失業保険申請件数,★★★
2025-12-05,00:00,USD,製造業受注（前月比）,★
2025-12-05,00:30,USD,天然ガス在庫,★
2025-12-05,02:00,USD,FOMCメンバー ボウマン氏 発言,★
2025-12-05,08:30,JPY,家計支出（前年比）,★
2025-12-05,14:00,JPY,景気先行指数,★
2025-12-06,00:00,USD,コアPCE物価指数（前月比）,★★★
2025-12-06,00:00,USD,ミシガン大学 消費者信頼感指数（速報）,★★★
2025-12-06,00:00,USD,ミシガン大学 インフレ期待（速報）,★★★
2025-12-06,00:00,USD,個人所得（前月比）,★
2025-12-06,00:00,USD,個人消費支出（前月比）,★
2025-12-06,05:00,USD,消費者信用残高（前月比）,★
2025-12-08,08:30,JPY,現金給与総額（前年比）,★
2025-12-08,08:50,JPY,銀行貸出（前年比）,★
2025-12-08,08:50,JPY,経常収支,★
2025-12-08,08:50,JPY,GDP物価指数（確報・前年比）,★
2025-12-08,08:50,JPY,GDP（確報・前期比）,★
2025-12-08,14:00,JPY,景気ウォッチャー調査,★
2025-12-09,08:50,JPY,M2マネーストック（前年比）,★
2025-12-09,14:58,JPY,工作機械受注（速報・前年比）,★
2025-12-09,18:00,JPY,日銀総裁 植田氏 発言,★★★
2025-12-09,20:00,USD,NFIB中小企業楽観指数,★
2025-12-09,22:15,USD,ADP 週間雇用者数変化,★★★
2025-12-09,00:00,USD,JOLTS求人件数,★★
2025-12-10,00:00,USD,JOLTS求人件数,★★★
2025-12-10,00:00,USD,コンファレンス・ボード 景気先行指数（前月比）,★
2025-12-10,03:01,USD,10年債入札,★
2025-12-10,06:30,USD,API 週間統計報告,★
2025-12-10,08:10,USD,トランプ大統領 発言,★★
2025-12-10,08:50,JPY,PPI（生産者物価指数・前年比）,★
2025-12-10,22:30,USD,雇用コスト指数（前期比）,★★★
2025-12-11,00:30,USD,原油在庫,★
2025-12-11,04:00,USD,フェデラルファンド金利,★★★
2025-12-11,04:00,USD,FOMC 経済見通し,★★★
2025-12-11,04:00,USD,FOMC 声明,★★★
2025-12-11,04:19,USD,財政収支,★
2025-12-11,04:30,USD,FOMC 記者会見,★★★
2025-12-11,08:50,JPY,企業景気予測調査（製造業BSI）,★
2025-12-11,22:30,USD,新規失業保険申請件数,★★★
2025-12-11,22:30,USD,貿易収支,★
2025-12-12,00:00,USD,卸売在庫（確報・前月比）,★
2025-12-12,00:30,USD,天然ガス在庫,★
2025-12-12,03:01,USD,30年債入札,★
2025-12-12,10:15,USD,トランプ大統領 発言,★★
2025-12-12,13:30,JPY,鉱工業生産（改定値・前月比）,★
2025-12-12,22:00,USD,FOMCメンバー ポールソン氏 発言,★
2025-12-12,22:30,USD,FOMCメンバー ハマック氏 発言,★
2025-12-13,00:35,USD,FOMCメンバー グールズビー氏 発言,★
2025-12-15,08:50,JPY,短観・製造業DI,★
2025-12-15,08:50,JPY,短観・非製造業DI,★
2025-12-15,13:30,JPY,第3次産業活動指数（前月比）,★
2025-12-15,22:30,USD,NY連銀 製造業景況指数（エンパイア・ステート）,★★
2025-12-15,23:30,USD,FOMCメンバー ミラン氏 発言,★
2025-12-16,00:00,USD,NAHB住宅市場指数,★
2025-12-16,00:30,USD,FOMCメンバー ウィリアムズ氏 発言,★
2025-12-16,01:00,USD,FOMCメンバー ミラン氏 発言,★
2025-12-16,09:30,JPY,製造業PMI（速報）,★
2025-12-16,22:15,USD,ADP 週間雇用者数変化,★★★
2025-12-16,00:00,USD,平均時給（前月比）,★★
2025-12-16,00:00,USD,非農業部門雇用者数変化,★★
2025-12-16,22:30,USD,平均時給（前月比）,★★★
2025-12-16,22:30,USD,コア小売売上高（前月比）,★★★
2025-12-16,22:30,USD,非農業部門雇用者数変化,★★★
2025-12-16,22:30,USD,小売売上高（前月比）,★★★
2025-12-16,22:30,USD,失業率,★★★
2025-12-16,23:45,USD,製造業PMI（速報）,★★★
2025-12-16,23:45,USD,サービス業PMI（速報）,★★★
2025-12-17,00:00,USD,企業在庫（前月比）,★
2025-12-17,06:30,USD,API 週間統計報告,★
2025-12-17,08:50,JPY,機械受注（コア・前月比）,★
2025-12-17,08:50,JPY,貿易収支,★
2025-12-17,09:00,USD,FOMCメンバー グールズビー氏 発言,★
2025-12-17,22:15,USD,FOMCメンバー ウォラー氏 発言,★★
2025-12-17,23:05,USD,FOMCメンバー ウィリアムズ氏 発言,★
2025-12-18,00:30,USD,原油在庫,★
2025-12-18,02:30,USD,FOMCメンバー ボスティック氏 発言,★
2025-12-18,11:00,USD,トランプ大統領 発言,★★
2025-12-18,22:30,USD,CPI（消費者物価指数・前年比）,★★★
2025-12-18,22:30,USD,新規失業保険申請件数,★★★
2025-12-18,22:30,USD,フィラデルフィア連銀 製造業景況指数,★★
2025-12-19,00:30,USD,天然ガス在庫,★
2025-12-19,06:00,USD,対米証券投資（TIC長期）,★
2025-12-19,08:30,JPY,全国コアCPI（前年比）,★
2025-12-19,12:19,JPY,日銀 政策金利,★★★
2025-12-19,12:19,JPY,金融政策声明,★★★
2025-12-19,15:30,JPY,日銀 記者会見,★★★
2025-12-19,22:30,USD,FOMCメンバー ウィリアムズ氏 発言,★
2025-12-20,00:00,USD,中古住宅販売件数,★★
2025-12-20,00:00,USD,ミシガン大学 消費者信頼感指数（確報）,★★
2025-12-20,00:00,USD,ミシガン大学 インフレ期待（確報）,★
2025-12-20,11:00,USD,トランプ大統領 発言,★★
2025-12-21,20:00,USD,FOMCメンバー ハマック氏 発言,★
2025-12-23,14:00,JPY,日銀コアCPI（前年比）,★
2025-12-23,22:15,USD,ADP 週間雇用者数変化,★★
2025-12-23,22:30,USD,GDP（速報・前期比）,★★★
2025-12-23,22:30,USD,耐久財受注（コア・前月比）,★★
2025-12-23,22:30,USD,耐久財受注（前月比）,★★
2025-12-23,22:30,USD,GDP物価指数（速報・前期比）,★★
2025-12-23,00:00,USD,設備稼働率,★
2025-12-23,00:00,USD,鉱工業生産（前月比）,★
2025-12-23,23:15,USD,設備稼働率,★
2025-12-23,23:15,USD,鉱工業生産（前月比）,★
2025-12-24,00:00,USD,コンファレンス・ボード 消費者信頼感指数,★★
2025-12-24,00:00,USD,リッチモンド連銀 製造業指数,★★
2025-12-24,06:30,USD,API 週間統計報告,★
2025-12-24,08:50,JPY,金融政策決定会合 議事要旨,★
2025-12-24,08:50,JPY,企業向けサービス価格指数（前年比）,★
2025-12-24,22:30,USD,新規失業保険申請件数,★★★
2025-12-25,13:22,JPY,日銀総裁 植田氏 発言,★★
2025-12-25,14:00,JPY,住宅着工件数（前年比）,★
2025-12-25,00:00,USD,休場（祝日）,★
2025-12-26,00:00,JPY,東京都区部コアCPI（前年比）,★
2025-12-26,00:00,JPY,失業率,★
2025-12-26,08:50,JPY,鉱工業生産（速報・前月比）,★
2025-12-26,08:50,JPY,小売売上高（前年比）,★
2025-12-29,08:50,JPY,日銀 主な意見,★
2025-12-30,00:00,USD,中古住宅販売仮契約（前月比）,★★
2025-12-30,00:30,USD,原油在庫,★
2025-12-30,02:00,USD,天然ガス在庫,★
2025-12-30,00:00,USD,ADP 週間雇用者数変化,★★
2025-12-30,23:00,USD,住宅価格指数（前月比）,★
2025-12-30,23:00,USD,S&P/ケース・シラー住宅価格指数（20都市・前年比）,★
2025-12-30,23:45,USD,シカゴPMI,★
2025-12-31,04:00,USD,FOMC 議事要旨,★★★
2025-12-31,00:00,USD,米財務省 為替報告書,★★
2025-12-31,06:30,USD,API 週間統計報告,★
2025-12-31,00:00,JPY,休場（祝日）,★
2025-12-31,22:30,USD,新規失業保険申請件数,★★★
2026-01-01,00:30,USD,原油在庫,★
2026-01-01,02:00,USD,天然ガス在庫,★
2026-01-01,00:00,JPY,休場（祝日）,★
2026-01-01,00:00,USD,休場（祝日）,★
2026-01-02,00:00,JPY,休場（祝日）,★
2026-01-02,23:45,USD,製造業PMI（確報）,★
2026-01-05,09:30,JPY,製造業PMI（確報）,★
2026-01-06,00:00,USD,ISM製造業PMI,★★★
2026-01-06,00:00,USD,ISM製造業仕入れ価格指数,★★
2026-01-06,00:00,USD,Wards 米自動車販売台数（総計）,★
2026-01-06,08:50,JPY,マネタリーベース（前年比）,★
2026-01-06,12:35,JPY,10年債入札,★
2026-01-06,23:45,USD,サービス業PMI（確報）,★
2026-01-07,06:30,USD,API 週間統計報告,★
2026-01-07,22:15,USD,ADP 民間雇用者数変化（非農業部門）,★★★
2026-01-08,00:00,USD,ISM非製造業PMI,★★★
2026-01-08,00:00,USD,JOLTS求人件数,★★★
2026-01-08,00:00,USD,製造業受注（前月比）,★
2026-01-08,00:30,USD,原油在庫,★
2026-01-08,08:30,JPY,現金給与総額（前年比）,★
2026-01-08,12:35,JPY,30年債入札,★
2026-01-08,14:00,JPY,消費者信頼感指数,★
2026-01-08,21:30,USD,チャレンジャー人員削減数（前年比）,★
2026-01-08,22:30,USD,新規失業保険申請件数,★★★
2026-01-08,22:30,USD,非農業部門 労働生産性（速報・前期比）,★
2026-01-08,22:30,USD,単位労働コスト（速報・前期比）,★
2026-01-08,22:30,USD,貿易収支,★
2026-01-09,00:00,USD,卸売在庫（確報・前月比）,★
2026-01-09,00:30,USD,天然ガス在庫,★
2026-01-09,05:00,USD,消費者信用残高（前月比）,★
2026-01-09,08:30,JPY,家計支出（前年比）,★
2026-01-09,14:00,JPY,景気先行指数,★
2026-01-09,22:30,USD,平均時給（前月比）,★★★
2026-01-09,22:30,USD,非農業部門雇用者数変化,★★★
2026-01-09,22:30,USD,失業率,★★★
2026-01-09,22:30,USD,建設許可件数,★
2026-01-09,22:30,USD,住宅着工件数,★
2026-01-09,00:00,USD,建設許可件数,★
2026-01-09,00:00,USD,住宅着工件数,★
2026-01-10,00:00,USD,ミシガン大学 消費者信頼感指数（速報）,★★★
2026-01-10,00:00,USD,ミシガン大学 インフレ期待（速報）,★★★
2026-01-12,00:00,JPY,休場（祝日）,★
2026-01-13,08:50,JPY,銀行貸出（前年比）,★
2026-01-13,08:50,JPY,経常収支,★
2026-01-13,14:00,JPY,景気ウォッチャー調査,★
2026-01-13,20:00,USD,NFIB中小企業楽観指数,★
2026-01-13,00:00,USD,ADP 週間雇用者数変化,★★
2026-01-13,22:30,USD,コアCPI（前月比）,★★★
2026-01-13,22:30,USD,CPI（前月比）,★★★
2026-01-13,22:30,USD,CPI（前年比）,★★★
2026-01-14,00:00,USD,新築住宅販売件数,★★
2026-01-14,00:00,USD,新築住宅販売件数,★
2026-01-14,00:00,USD,RCM/TIPP 経済楽観指数,★
2026-01-14,03:01,USD,10年債入札,★
2026-01-14,00:00,USD,財政収支,★
2026-01-14,06:30,USD,API 週間統計報告,★
2026-01-14,08:50,JPY,M2マネーストック（前年比）,★
2026-01-14,15:00,JPY,工作機械受注（速報・前年比）,★
2026-01-14,22:30,USD,コアPPI（前月比）,★★★
2026-01-14,22:30,USD,コア小売売上高（前月比）,★★★
2026-01-14,22:30,USD,PPI（前月比）,★★★
2026-01-14,22:30,USD,小売売上高（前月比）,★★★
2026-01-14,22:30,USD,経常収支,★
2026-01-14,00:00,USD,コアPPI（前月比）,★★
2026-01-14,00:00,USD,PPI（前月比）,★★
2026-01-15,00:00,USD,中古住宅販売件数,★★
2026-01-15,00:00,USD,企業在庫（前月比）,★
2026-01-15,00:30,USD,原油在庫,★
2026-01-15,03:01,USD,30年債入札,★
2026-01-15,04:00,USD,ベージュブック,★
2026-01-15,08:50,JPY,PPI（前年比）,★
2026-01-15,22:30,USD,新規失業保険申請件数,★★★
2026-01-15,22:30,USD,NY連銀 製造業景況指数（エンパイア・ステート）,★★
2026-01-15,22:30,USD,フィラデルフィア連銀 製造業景況指数,★★
2026-01-15,22:30,USD,輸入物価（前月比）,★
2026-01-16,00:30,USD,天然ガス在庫,★
2026-01-16,06:00,USD,対米証券投資（TIC長期）,★
2026-01-16,23:15,USD,設備稼働率,★
2026-01-16,23:15,USD,鉱工業生産（前月比）,★
2026-01-17,00:00,USD,NAHB住宅市場指数,★
2026-01-19,08:50,JPY,機械受注（コア・前月比）,★
2026-01-19,13:30,JPY,鉱工業生産（改定値・前月比）,★
2026-01-19,13:30,JPY,第3次産業活動指数（前月比）,★
2026-01-19,00:00,USD,休場（祝日）,★
2026-01-20,00:00,USD,ADP 週間雇用者数変化,★★
2026-01-21,22:30,USD,建設許可件数,★
2026-01-21,22:30,USD,住宅着工件数,★
2026-01-22,00:00,USD,中古住宅販売仮契約（前月比）,★★
2026-01-22,00:00,USD,建設支出（前月比）,★
2026-01-22,00:00,USD,建設支出（前月比）,★
2026-01-22,06:30,USD,API 週間統計報告,★
2026-01-22,08:50,JPY,貿易収支,★
2026-01-22,22:30,USD,GDP（確報・前期比）,★★★
2026-01-22,22:30,USD,新規失業保険申請件数,★★★
2026-01-22,22:30,USD,GDP物価指数（確報・前期比）,★★
2026-01-23,00:00,USD,コンファレンス・ボード 景気先行指数（前月比）,★
2026-01-23,00:30,USD,天然ガス在庫,★
2026-01-23,02:00,USD,原油在庫,★
2026-01-23,08:30,JPY,全国コアCPI（前年比）,★
2026-01-23,09:30,JPY,製造業PMI（速報）,★
2026-01-23,00:00,JPY,日銀 政策金利,★★★
2026-01-23,00:00,JPY,金融政策声明,★★★
2026-01-23,00:00,JPY,日銀 展望レポート,★★★
2026-01-23,00:00,JPY,日銀 記者会見,★★★
2026-01-23,23:45,USD,製造業PMI（速報）,★★★
2026-01-23,23:45,USD,サービス業PMI（速報）,★★★
2026-01-24,00:00,USD,ミシガン大学 消費者信頼感指数（確報）,★★
2026-01-24,00:00,USD,ミシガン大学 インフレ期待（確報）,★
2026-01-26,22:30,USD,耐久財受注（コア・前月比）,★★
2026-01-26,22:30,USD,耐久財受注（前月比）,★★
2026-01-27,08:50,JPY,企業向けサービス価格指数（前年比）,★
2026-01-27,14:00,JPY,日銀コアCPI（前年比）,★
2026-01-27,00:00,USD,ADP 週間雇用者数変化,★★
2026-01-27,23:00,USD,住宅価格指数（前月比）,★
2026-01-27,23:00,USD,S&P/ケース・シラー住宅価格指数（20都市・前年比）,★
2026-01-28,00:00,USD,コンファレンス・ボード 消費者信頼感指数,★★
2026-01-28,00:00,USD,新築住宅販売件数,★★
2026-01-28,00:00,USD,リッチモンド連銀 製造業指数,★★
2026-01-28,06:30,USD,API 週間統計報告,★
2026-01-28,08:50,JPY,金融政策決定会合 議事要旨,★
2026-01-28,22:30,USD,財（モノ）貿易収支,★
2026-01-28,22:30,USD,卸売在庫（速報・前月比）,★
2026-01-29,00:30,USD,原油在庫,★
2026-01-29,04:00,USD,フェデラルファンド金利,★★★
2026-01-29,04:00,USD,FOMC 声明,★★★
2026-01-29,04:30,USD,FOMC 記者会見,★★★
2026-01-29,14:00,JPY,消費者信頼感指数,★
2026-01-29,22:30,USD,新規失業保険申請件数,★★★
2026-01-29,22:30,USD,貿易収支,★
2026-01-29,00:00,USD,コアPCE物価指数（前月比）,★★★
2026-01-29,00:00,USD,個人所得（前月比）,★
2026-01-29,00:00,USD,個人消費支出（前月比）,★
2026-01-30,00:00,USD,製造業受注（前月比）,★
2026-01-30,00:00,USD,卸売在庫（確報・前月比）,★
2026-01-30,00:30,USD,天然ガス在庫,★
2026-01-30,08:30,JPY,東京都区部コアCPI（前年比）,★★
2026-01-30,08:30,JPY,失業率,★
2026-01-30,08:50,JPY,鉱工業生産（速報・前月比）,★
2026-01-30,08:50,JPY,小売売上高（前年比）,★
2026-01-30,14:00,JPY,住宅着工件数（前年比）,★
2026-01-30,22:30,USD,コアPPI（前月比）,★★★
2026-01-30,22:30,USD,PPI（前月比）,★★★
2026-01-30,23:45,USD,シカゴPMI,★
